source,alpha,phi,nu,real,mean,std,min,max,corr,coef,se
cex-bondholders,2,0,1,0,5.95766207726257,24.8717958968039,-50.9908719864362,65.3979806879278,0.16284285834573,1.12011984445555,1.43023944654121
cex-bondholders,2,0,1,1,3.50909796407107,24.9712945272785,-54.5409149130662,63.4157964858141,0.235237803312457,1.15994712551053,1.41855536139322
cex-bondholders,1,0,1,0,5.80033626098672,12.4198067318317,-22.1231913641432,35.2873056107808,0.16818139672203,-0.00429358908160874,0.712445239042303
cex-bondholders,1,0,1,1,3.34653214779467,12.4856472636393,-25.6784742907739,33.2998814086662,0.235237803312457,0.036315817222009,0.702795026699505
cex-bondholders,0.5,0,1,0,5.64181335284862,6.24442343310848,-7.76921105299696,20.1521080722069,0.177450089447328,-0.471517600099493,0.375709202652331
cex-bondholders,0.5,0,1,1,3.1853892396567,6.24282363181963,-11.3271139796275,18.1620638700924,0.235237803312457,-0.433482805433686,0.369973224808154
cex-bondholders,0.1,0,1,0,5.47666222633825,1.70490567182073,-0.491268562031341,8.50300092916904,0.189751224926486,-0.509005177920784,0.143080868530695
cex-bondholders,0.1,0,1,1,3.01814211314627,1.24856472636393,0.115641469289347,6.01347703923339,0.235237803312458,-0.511857012706149,0.161922468947584
