source,alpha,phi,nu,real,mean,std,min,max,corr,coef,se
cex-bondholders,2,0,1,0,5.9649824336875,24.8716156667201,-50.984280646267,65.4031386878174,0.162842335674013,1.12013710406453,1.43021560042836
cex-bondholders,2,0,1,1,3.51658498331988,24.9711160543692,-54.5340891840453,63.421067315202,0.235237313758092,1.15996361059056,1.41853226005671
cex-bondholders,1,0,1,0,5.80391310778714,12.4197158607656,-22.1200128884852,35.2898281959758,0.168180961411455,-0.00427229057244632,0.712433479690985
cex-bondholders,1,0,1,1,3.35027565741908,12.4855580271846,-25.6750614262636,33.3025168233601,0.235237313758092,0.0363352469154736,0.702784048047761
cex-bondholders,0.5,0,1,0,5.64351844483687,6.2443774384927,-7.76773900959408,20.153312950055,0.177449817570739,-0.471492315937282,0.375703188971308
cex-bondholders,0.5,0,1,1,3.18726099446891,6.24277901359229,-11.3254075473724,18.1633815774394,0.235237313758091,-0.43346168268772,0.369968157618738
cex-bondholders,0.1,0,1,0,5.47686991447673,1.70489675646031,-0.490937338921234,8.50326043748693,0.189751515910697,-0.508985026724947,0.143078419772778
cex-bondholders,0.1,0,1,1,3.0185164641087,1.24855580271846,0.115982755740462,6.01374058070282,0.235237313758098,-0.511849229137084,0.161921947668285
