source,alpha,phi,nu,real,mean,std,min,max,corr,coef,se
cex-nonbondholders,2,0,1,0,6.0454785923434,14.6387509004773,-30.3640407613962,49.1531558016867,-0.102732558786275,-1.92761454039683,0.945940668658224
cex-nonbondholders,2,0,1,1,3.60545487478265,15.0418062833333,-33.736430146029,50.631449963536,0.267699098917431,-1.97017426855664,0.915227172194562
cex-nonbondholders,1,0,1,0,5.76246632071159,7.16913958757268,-11.976110522622,25.3571459856784,-0.095044462568635,-1.30421758744913,0.484972553978862
cex-nonbondholders,1,0,1,1,3.31853060315089,7.52090314166665,-15.3524119072549,26.8315281475276,0.267699098917431,-1.34949696394081,0.459229615809492
cex-nonbondholders,0.5,0,1,0,5.59823518489521,3.51728840526172,-2.80487040323542,14.6941138581554,-0.076804153917543,-0.933992773837089,0.263173722990418
cex-nonbondholders,0.5,0,1,1,3.15234346733463,3.76045157083332,-6.18312778786833,14.9088422395229,0.267699098917431,-0.986128975833977,0.247692043132986
cex-nonbondholders,0.2,0,1,0,5.49242450340564,1.59107733360775,-0.628596532195145,9.3831172708074,-0.0147042284355324,-0.6466602142218,0.13496094674605
cex-nonbondholders,0.2,0,1,1,3.04535918584505,1.50418062833333,-0.688829316236103,7.74795869472038,0.267699098917434,-0.649575123545369,0.149463764227873
