source,alpha,phi,nu,real,mean,std,min,max,corr,coef_spread,se_spread,corr_collard,coef_spread_collard,se_spread_collard
nipa,2,0,1,0,9.80312159005601,2.60898132705031,-2.42927140530115,16.6122376605693,0.520165119657663,-0.273330553619646,0.0430116008352345,0.320298565826816,-0.461753530887335,0.0550805409086995
nipa,2,0,1,1,6.18917828034315,2.35945447957794,-3.21392801910238,11.1280604970823,0.196548164675714,-0.306843282611302,0.04975867309621,0.0551980726397908,-0.500377286758521,0.0613068506910913
nipa,2,0.8,1,0,8.47886838792961,6.77894633207747,-21.314351276259,28.3833071325751,0.14150458489052,-0.953787266804051,0.161496266935554,0.0755746038080953,-1.10523429254082,0.19328265746078
nipa,2,0.8,1,1,4.86591333283661,6.96553888672241,-22.098058243615,25.7076894448752,-0.0498175101108967,-0.906264086226296,0.165424908682892,-0.0751069378302702,-1.03965762859069,0.196397000980704
nipa,2,0,0.34,0,8.77201541313878,2.14064315235672,0.247788348862321,13.8362540746712,0.706782739492346,-0.282252854948896,0.0358750803573298,0.613605988895598,-0.378038383393259,0.0434437555852016
nipa,2,0,0.34,1,5.15810695142456,1.38744348135392,0.0269486400469596,8.24111008585014,0.261458884494858,-0.311784385513459,0.0435713868010616,0.099158231369929,-0.400182433959549,0.0505617348526773
nipa,2,0.8,0.34,0,8.33218183937157,3.19283594385316,-3.51471916864949,19.6003268109056,0.390031139617192,-0.640435479706958,0.0890924971015025,0.298427093801411,-0.701283338167373,0.104991597095694
nipa,2,0.8,0.34,1,4.71952339004672,3.09599795151235,-8.72814190173097,15.0399420630278,0.0331741987936033,-0.623464537987351,0.0930036597659236,-0.0201824741072451,-0.668788550479646,0.10777331912919
